person_id,canonical_name,aliases,role_category,territories,period,connection_summary,source_url,wikidata_qid,allow_surname_only,status,entity_type
badoglio_pietro,Pietro Badoglio,Pietro Badoglio;Badoglio;Maresciallo Badoglio,military_and_administration,Libya;Ethiopia,1929-1936,Governor of Libya and later senior commander/high commissioner during the invasion of Ethiopia.,https://www.treccani.it/enciclopedia/pietro-badoglio/,,True,verified,person
graziani_rodolfo,Rodolfo Graziani,Rodolfo Graziani;Graziani;Maresciallo Graziani,military_and_administration,Libya;Ethiopia,1920s-1937,Senior colonial commander in Libya and commander in the Italo-Ethiopian war; viceroy of Ethiopia in 1936-1937.,https://www.treccani.it/enciclopedia/rodolfo-graziani/,,True,verified,person
debono_emilio,Emilio De Bono,Emilio De Bono;De Bono;Emilio De Bòno,military_political_administration,Libya;Eritrea;Ethiopia,1925-1935,"Governor of Tripolitania, minister of the Colonies, and commander in the first phase of the war against Ethiopia.",https://www.treccani.it/enciclopedia/emilio-de-bono/,,True,verified,person
baratieri_oreste,Oreste Baratieri,Oreste Baratieri;Baratieri,military_and_administration,Eritrea;Ethiopia,1887-1896,Commander of Italian forces in East Africa and governor of Eritrea; led the 1895-1896 campaign ending at Adwa.,https://www.treccani.it/enciclopedia/oreste-baratieri/,,True,verified,person
martini_ferdinando,Ferdinando Martini,Ferdinando Martini;Martini,political_and_administration,Eritrea,1897-1907,Italian politician and governor of Eritrea from 1897 to 1907.,https://www.tandfonline.com/doi/full/10.1080/1369801X.2023.2222710,,False,verified,person
baldissera_antonio,Antonio Baldissera,Antonio Baldissera;Baldissera,military_and_administration,Eritrea;Ethiopia,1880s-1890s,General associated with the occupation and military administration of Eritrea.,https://www.tandfonline.com/doi/full/10.1080/1369801X.2023.2222710,,True,verified,person
toselli_pietro,Pietro Toselli,Pietro Toselli;Toselli;Maggiore Toselli,military,Eritrea;Ethiopia,1890s,Italian officer in the colonial campaigns in the Horn of Africa; killed at Amba Alagi in 1895.,https://www.tandfonline.com/doi/full/10.1080/1369801X.2023.2222710,,True,verified,person
galliano_giuseppe,Giuseppe Galliano,Giuseppe Galliano;Galliano,military,Eritrea;Ethiopia,1880s-1890s,Italian officer active in the colonial campaigns in Eritrea and Ethiopia.,https://www.lastampa.it/torino/2023/03/22/news/nomi_vie_piazze_colonialismo-12713667/,,True,verified,person
balbo_italo,Italo Balbo,Italo Balbo;Balbo,political_and_administration,Libya,1934-1940,Governor-General of Italian Libya from 1934 to 1940.,https://www.treccani.it/enciclopedia/italo-balbo/,,True,verified,person
volpi_giuseppe,Giuseppe Volpi,Giuseppe Volpi;Giuseppe Volpi di Misurata;Volpi di Misurata;Volpi,political_economic_administration,Libya,1921-1925,Governor of Tripolitania and a major political-economic figure in Italian colonial policy.,https://www.treccani.it/enciclopedia/volpi-giuseppe-conte-di-misurata/,,False,verified,person
locatelli_antonio,Antonio Locatelli,Antonio Locatelli;Locatelli,military,Ethiopia,1935-1936,"Aviator and volunteer in the war against Ethiopia, later commemorated in Italian public space.",https://www.tandfonline.com/doi/full/10.1080/1369801X.2023.2222710,,False,verified,person
giuliani_reginaldo,Reginaldo Giuliani,Reginaldo Giuliani;Giuliani;Padre Reginaldo Giuliani,military_and_religious,Ethiopia,1935-1936,Dominican friar and volunteer military chaplain associated with the war against Ethiopia.,https://www.tandfonline.com/doi/full/10.1080/1369801X.2023.2222710,,False,verified,person
magliocco_vincenzo,Vincenzo Magliocco,Vincenzo Magliocco;Magliocco,military,Ethiopia,1935-1936,Italian air-force general active in Ethiopia; commemorated by a street in Milan documented by the colonial-odonymy project.,https://museonazionaleresistenza.it/story/la-storia-raccontata-attraverso-le-vie-della-citta/,,True,verified,person
astuto_riccardo,Riccardo Astuto di Lucchese,Riccardo Astuto di Lucchese,political_and_administration,Libya;Somalia;Eritrea;Ethiopia,1913-1936,"Colonial official in Tripolitania, Cirenaica and Somalia; director-general at the Ministry of Colonies and governor of Eritrea, where he supported an expansionist anti-Ethiopian policy.",https://www.treccani.it/enciclopedia/astuto-di-lucchese-riccardo_%28Dizionario-Biografico%29/,Q15465650,False,verified_manual,person
cerrinaferoni_giovanni,Giovanni Cerrina Feroni,Giovanni Cerrina Feroni,military_and_administration,Eritrea;Somalia;Libya,1888-1918,"Naval officer and colonial administrator; regent in the Benadir, active during the Italo-Turkish War, and governor of Eritrea and Somalia.",https://www.treccani.it/enciclopedia/giovanni-cerrina-feroni_%28Dizionario-Biografico%29/,Q3767003,False,verified_manual,person
deamezaga_carlo,Carlo De Amezaga,Carlo De Amezaga,military_and_administration,Eritrea,1890s-1900s,Italian officer and colonial administrator who served as governor of Eritrea.,https://it.wikipedia.org/wiki/Carlo_De_Amezaga,Q3659242,False,verified_manual,person
defeo_vincenzo,Vincenzo de Feo,Vincenzo de Feo,military_and_administration,Eritrea,1930s,Admiral and colonial administrator who served as governor of Eritrea.,https://it.wikipedia.org/wiki/Vincenzo_de_Feo,Q4013212,False,verified_manual,person
gabelli_ottone,Ottone Gabelli,Ottone Gabelli,political_and_administration,Eritrea,1920s,Italian colonial official who served as governor of Eritrea.,https://it.wikipedia.org/wiki/Ottone_Gabelli,Q27956866,False,verified_manual,person
gandolfi_antonio,Antonio Gandolfi,Antonio Gandolfi,military_and_administration,Eritrea;Ethiopia,1890-1892,Governor of Eritrea; pursued Italian influence in Tigray and colonial consolidation on the Ethiopian frontier.,https://www.treccani.it/enciclopedia/antonio-gandolfi_%28Dizionario-Biografico%29/,Q3619626,False,verified_manual,person
gasparini_jacopo,Jacopo Gasparini,Jacopo Gasparini,political_and_administration,Eritrea,1920s,Diplomat and colonial administrator who served as governor of Eritrea.,https://it.wikipedia.org/wiki/Jacopo_Gasparini,Q3805878,False,verified_manual,person
guzzoni_alfredo,Alfredo Guzzoni,Alfredo Guzzoni,military_and_administration,Eritrea;Ethiopia,1935-1936,Senior army officer involved in the Ethiopian campaign and colonial administration in Eritrea.,https://it.wikipedia.org/wiki/Alfredo_Guzzoni,,False,verified_manual,person
orero_baldassarre,Baldassarre Orero,Baldassarre Orero,military_and_administration,Eritrea;Ethiopia,1889-1890,Commander-superior in Africa and first governor of the newly constituted Eritrean colony; advanced to Adua and considered further expansion.,https://www.treccani.it/enciclopedia/baldassarre-orero_%28Dizionario-Biografico%29/,Q3633256,False,verified_manual,person
pestalozza_giulio,Giulio Pestalozza,Giulio Pestalozza,political_and_administration,Eritrea,1880s,Early Italian colonial official at Assab and governor/administrator in the Red Sea possessions.,https://it.wikipedia.org/wiki/Giulio_Pestalozza,Q3769748,False,verified_manual,person
saletta_tancredi,Tancredi Saletta,Tancredi Saletta,military_and_administration,Eritrea,1885,"Commander of the Italian expedition that occupied Massaua, an early decisive step in the creation of Italian Eritrea.",https://it.wikipedia.org/wiki/Tancredi_Saletta,Q3980765,False,verified_manual,person
sapeto_giuseppe,Giuseppe Sapeto,Giuseppe Sapeto,exploration_geography,Eritrea,1869-1881,"Explorer, orientalist and government agent who negotiated the purchase of Assab for the Rubattino company, a foundational step in Italian colonial expansion in the Red Sea.",https://www.treccani.it/enciclopedia/giuseppe-sapeto_%28Dizionario-Biografico%29/,Q168017,False,verified_manual,person
zoli_corrado,Corrado Zoli,Corrado Zoli,political_and_administration,Libya;Somalia;Eritrea;Ethiopia,1920s-1930s,"Colonial official and publicist; active in Fezzan, High Commissioner for Oltre Giuba, governor of Eritrea, and later president of the Italian Geographical Society.",https://www.treccani.it/enciclopedia/corrado-zoli_%28Enciclopedia-Italiana%29/,Q16545155,False,verified_manual,person
ameglio_giovanni,Giovanni Ameglio,Giovanni Ameglio,military_and_administration,Eritrea;Libya,1890s-1918,Officer in the first Italo-Ethiopian conflict and a leading commander in the conquest of Libya; later governor of Cyrenaica and Tripolitania.,https://www.treccani.it/enciclopedia/giovanni-ameglio_%28Dizionario-Biografico%29/,,False,verified_manual,person
garioni_vincenzo,Vincenzo Garioni,Vincenzo Garioni,military_and_administration,Libya,1910s,Senior colonial commander and governor in Tripolitania and Cyrenaica during the prolonged Italian occupation of Libya.,https://www.treccani.it/enciclopedia/vincenzo-garioni_%28Dizionario-Biografico%29/,,False,verified_manual,person
tassoni_giuliocesare,Giulio Cesare Tassoni,Giulio Cesare Tassoni,military_and_administration,Libya,1912-1915,Commander in Tripolitania during the Italo-Turkish War and governor of Tripolitania in 1915.,https://www.treccani.it/enciclopedia/giulio-cesare-tassoni_%28Dizionario-Biografico%29/,,False,verified_manual,person
demartino_giacomo1849,Giacomo De Martino,Giacomo De Martino,political_and_administration,Somalia;Eritrea;Libya,1905-1921,"Prominent colonial politician, founder of the Istituto Coloniale Italiano, and governor successively of Somalia, Eritrea and Cyrenaica.",https://www.senato.it/web/senregno.nsf/4c1a0e70e29a1d74c12571140059a394/fb4b4895a600fcc34125646f005aff82,,False,verified_manual,person
mombelli_ernesto,Ernesto Mombelli,Ernesto Mombelli,military_and_administration,Libya,1910s-1920s,Italian general associated with the military occupation and administration of Cyrenaica.,https://it.wikipedia.org/wiki/Ernesto_Mombelli,,False,verified_manual,person
menzinger_vittorio,Vittorio Menzinger,Vittorio Menzinger,political_and_administration,Libya,1919-1920,Civil governor of Tripolitania after the First World War.,https://it.wikipedia.org/wiki/Vittorio_Menzinger,,False,verified_manual,person
boreadicci_raffaele,Raffaele Borea Ricci d'Olmo,Raffaele Borea Ricci d'Olmo,political_and_administration,Libya,1910s,Italian colonial administrator who served in the government of Cyrenaica.,https://it.wikipedia.org/wiki/Raffaele_Borea_Ricci_d%27Olmo,,False,verified_manual,person
caneva_carlo,Carlo Caneva,Carlo Caneva,military,Libya,1911-1912,Commander of the Italian expeditionary force during the invasion of Ottoman Libya in the Italo-Turkish War.,https://it.wikipedia.org/wiki/Carlo_Caneva,,False,verified_manual,person
nasi_guglielmo,Guglielmo Nasi,Guglielmo Nasi,military_and_administration,Ethiopia;Eritrea,1930s-1941,"Senior colonial commander and governor in Italian East Africa, including Harar, and commander at Gondar in 1941.",https://it.wikipedia.org/wiki/Guglielmo_Nasi,,False,verified_manual,person
savoiaaosta_amedeo,Amedeo di Savoia-Aosta,Amedeo di Savoia-Aosta,military_and_administration,Ethiopia;Eritrea;Somalia;Libya,1928-1941,Colonial military officer in Libya and viceroy/governor-general of Italian East Africa from 1937 until the collapse of the colony.,https://www.treccani.it/enciclopedia/savoia-aosta-amedeo-di-duca-d-aosta_%28Dizionario-Biografico%29/,,False,verified_manual,person
gazzera_pietro,Pietro Gazzera,Pietro Gazzera,military_and_administration,Ethiopia,1938-1941,Governor and military commander of Galla-Sidama in Italian East Africa.,https://www.treccani.it/enciclopedia/pietro-gazzera_%28Dizionario-Biografico%29/,,False,verified_manual,person
frusci_luigi,Luigi Frusci,Luigi Frusci,military_and_administration,Ethiopia,1930s-1941,Senior commander in the Ethiopian war and colonial military administrator in Italian East Africa.,https://it.wikipedia.org/wiki/Luigi_Frusci,,False,verified_manual,person
teruzzi_attilio,Attilio Teruzzi,Attilio Teruzzi,political_and_administration,Libya;Ethiopia;Eritrea;Somalia,1930s-1943,"Fascist colonial official and Minister of Italian Africa, with earlier service in Libya and East Africa.",https://it.wikipedia.org/wiki/Attilio_Teruzzi,,False,verified_manual,person
lessona_alessandro,Alessandro Lessona,Alessandro Lessona,political_and_administration,Libya;Ethiopia;Eritrea;Somalia,1930s,Undersecretary and later Minister of the Colonies/Italian Africa; advocated demographic colonization and administered the newly created empire.,https://www.treccani.it/enciclopedia/alessandro-lessona_%28Dizionario-Biografico%29/,Q3610083,False,verified_manual,person
federzoni_luigi,Luigi Federzoni,Luigi Federzoni,political_and_administration,Libya;Eritrea;Somalia,1910s-1920s,Nationalist politician and Minister of the Colonies who helped direct the Fascist reconquest and consolidation of Italian colonial possessions.,https://it.wikipedia.org/wiki/Luigi_Federzoni,,False,verified_manual,person
bertolini_pietro,Pietro Bertolini,Pietro Bertolini,political_and_administration,Libya;Eritrea;Somalia,1912-1914,First Minister of the Colonies after participating in the negotiations ending the Italo-Turkish War.,https://www.treccani.it/enciclopedia/pietro-bertolini_%28Enciclopedia-Italiana%29/,Q3903703,False,verified_manual,person
colosimo_gaspare,Gaspare Colosimo,Gaspare Colosimo,political_and_administration,Libya;Eritrea;Somalia,1916-1919,Minister of the Colonies who pursued preservation and economic exploitation of the colonies during the First World War.,https://www.treccani.it/enciclopedia/gaspare-colosimo_%28Dizionario-Biografico%29/,,False,verified_manual,person
lanza_pietro,Pietro Lanza di Scalea,Pietro Lanza di Scalea,political_and_administration,Libya;Eritrea;Somalia,1924-1926,Minister of the Colonies during the early Fascist phase of intensified colonial consolidation.,https://it.wikipedia.org/wiki/Pietro_Lanza_di_Scalea,,False,verified_manual,person
bastico_ettore,Ettore Bastico,Ettore Bastico,military_and_administration,Libya,1941-1943,Governor-General of Libya and senior Axis commander in North Africa.,https://it.wikipedia.org/wiki/Ettore_Bastico,Q700956,False,verified_manual,person
gariboldi_italo,Italo Gariboldi,Italo Gariboldi,military_and_administration,Libya;Ethiopia,1935-1941,Commander in the Ethiopian war and Governor-General of Libya in 1941.,https://it.wikipedia.org/wiki/Italo_Gariboldi,,False,verified_manual,person
devecchi_cesare,Cesare Maria De Vecchi,Cesare Maria De Vecchi;Cesare De Vecchi,political_and_administration,Somalia,1923-1928,Fascist governor of Somalia who imposed direct rule and conducted violent campaigns of disarmament and subjugation.,https://www.treccani.it/enciclopedia/de-vecchi-cesare-maria_%28Dizionario-Biografico%29/,,False,verified_manual,person
crispi_francesco,Francesco Crispi,Francesco Crispi,political_and_administration,Eritrea;Ethiopia;Somalia,1887-1896,Prime minister and a principal political promoter of Italian colonial expansion in the Horn of Africa; his policy culminated in the war ending at Adwa.,https://www.treccani.it/enciclopedia/francesco-crispi/,,False,verified_manual,person
bottego_vittorio,Vittorio Bottego,Vittorio Bottego,exploration_geography,Somalia;Ethiopia;Eritrea,1887-1897,Army officer and explorer whose expeditions in the Horn of Africa were closely connected with Italian territorial ambitions in Somalia and Ethiopia.,https://www.treccani.it/enciclopedia/vittorio-bottego_%28Dizionario-Biografico%29/,,False,verified_manual,person
antinori_orazio,Orazio Antinori,Orazio Antinori,exploration_geography,Ethiopia;Eritrea,1870s-1882,Explorer and naturalist whose Ethiopian expeditions and diplomatic role helped establish early Italian political influence in Shoa.,https://www.treccani.it/enciclopedia/orazio-antinori_%28Enciclopedia-Italiana%29/,,False,verified_manual,person
antonelli_pietro,Pietro Antonelli,Pietro Antonelli;Conte Pietro Antonelli,political_and_administration,Ethiopia;Eritrea,1880s-1890s,"Explorer-diplomat central to Italian policy toward Menelik and negotiator of the Treaty of Wuchale, used by Italy to claim a protectorate over Ethiopia.",https://www.treccani.it/enciclopedia/conte-pietro-antonelli_%28Enciclopedia-Italiana%29/,,False,verified_manual,person
rava_maurizio,Maurizio Rava,Maurizio Rava,political_and_administration,Libya;Somalia;Ethiopia,1930-1935,Vice-governor of Tripolitania and governor of Somalia; promoted colonial economic settlement and military pressure along the Ethiopian frontier.,https://www.treccani.it/enciclopedia/maurizio-rava_%28Dizionario-Biografico%29/,,False,verified_manual,person
corni_guido,Guido Corni,Guido Corni,political_and_administration,Eritrea;Somalia,1900s-1931,"Colonial official and explorer in Eritrea who later served as governor of Somalia, consolidating colonial administration after De Vecchi.",https://www.treccani.it/enciclopedia/guido-corni_%28Dizionario-Biografico%29/,,False,verified_manual,person
savoiaaosta_luigiamedeo,Luigi Amedeo di Savoia-Aosta,Luigi Amedeo di Savoia-Aosta;Duca degli Abruzzi,economic_and_colonization,Somalia,1919-1933,"Prince, explorer and founder of the large agricultural settlement and company at Villaggio Duca degli Abruzzi in Italian Somalia.",https://www.treccani.it/enciclopedia/savoia-aosta-luigi-amedeo-giuseppe-maria-ferdinando-francesco-di-duca-degli-abruzzi_%28Dizionario-Biografico%29/,,False,verified_manual,person
salvagoraggi_giuseppe,Giuseppe Salvago Raggi,Giuseppe Salvago Raggi,political_and_administration,Eritrea;Somalia,1906-1915,Colonial administrator in the Benadir and governor of Eritrea from 1907 to 1915.,https://www.treccani.it/enciclopedia/salvago-raggi-giuseppe-maria_%28Dizionario-Biografico%29/,,False,verified_manual,person
decamillis_camillo,Camillo De Camillis,Camillo De Camillis,political_and_administration,Eritrea,1919-1920,Italian colonial administrator who served as governor of Eritrea after the First World War.,https://it.wikipedia.org/wiki/Governatori_dell%27Eritrea,,False,verified_manual,person
pollera_ludovico,Ludovico Pollera,Ludovico Pollera,political_and_administration,Eritrea,1920-1921,Italian colonial official who served as governor of Eritrea.,https://it.wikipedia.org/wiki/Governatori_dell%27Eritrea,,False,verified_manual,person
briccola_ottavio,Ottavio Briccola,Ottavio Briccola,military_and_administration,Libya,1912-1913,First governor of Italian Cyrenaica following the invasion of Libya.,https://en.wikipedia.org/wiki/List_of_colonial_governors_of_Italian_Cyrenaica,,False,verified_manual,person
pintor_luigi1882,Luigi Pintor,Luigi Pintor,political_and_administration,Libya,1915-1923,Colonial jurist and official in Tripolitania and Cyrenaica; negotiated with the Senussi and served as acting governor of Cyrenaica.,https://it.wikipedia.org/wiki/Luigi_Pintor_%281882-1925%29,,False,verified_manual,person
baccari_eduardo,Eduardo Baccari,Eduardo Baccari,political_and_administration,Somalia;Libya,1911-1922,"Colonial official in Somalia, director at the Ministry of Colonies, and governor of Cyrenaica in 1922.",https://it.wikipedia.org/wiki/Eduardo_Baccari,,False,verified_manual,person
mercatelli_luigi,Luigi Mercatelli,Luigi Mercatelli,political_and_administration,Somalia;Libya,1905-1921,"Commissioner in Italian Somalia and governor of Tripolitania, where he managed Italian colonial rule during continued Libyan resistance.",https://www.treccani.it/enciclopedia/luigi-mercatelli_%28Dizionario-Biografico%29/,,False,verified_manual,person
place_libia,Libia,Libia,territory,Libya,1911-1943,Territorio conquistato dall’Italia a partire dalla guerra italo-turca del 1911-12 e successivamente organizzato come colonia italiana.,https://www.treccani.it/enciclopedia/guerra-italo-turca/,,False,verified_manual,place
place_tripolitania,Tripolitania,Tripolitania,territory,Libya,1911-1934,Regione ottomana conquistata dall’Italia durante la guerra italo-turca e poi parte della Libia italiana.,https://www.treccani.it/enciclopedia/tripolitania_%28Enciclopedia-Italiana%29/,,False,verified_manual,place
place_cirenaica,Cirenaica,Cirenaica,territory,Libya,1911-1934,Regione conquistata dall’Italia durante la guerra italo-turca e poi parte della Libia italiana.,https://www.treccani.it/enciclopedia/guerra-italo-turca/,,False,verified_manual,place
place_eritrea,Eritrea,Eritrea,territory,Eritrea,1890-1941,"Colonia italiana formalmente costituita nel 1890 dopo le occupazioni di Assab, Massaua e dell’altopiano eritreo.",https://www.treccani.it/enciclopedia/colonia-eritrea_%28Enciclopedia-Italiana%29/,,False,verified_manual,place
place_somalia,Somalia,Somalia;Somalia Italiana,territory,Somalia,1889-1941,Territorio dell’Africa orientale sottoposto progressivamente al dominio coloniale italiano.,https://www.treccani.it/enciclopedia/mogadiscio/,,False,verified_manual,place
place_abissinia,Abissinia,Abissinia,territory,Ethiopia,1895-1896;1935-1941,"Nome storico europeo dell’Etiopia, centrale nelle guerre coloniali italiane del 1895-96 e 1935-36.",https://www.treccani.it/enciclopedia/abissinia_%28Dizionario-di-Storia%29/,,False,verified_manual,place
place_etiopia,Etiopia,Etiopia,territory,Ethiopia,1895-1896;1935-1941,Stato africano oggetto delle guerre coloniali italiane del 1895-96 e 1935-36; occupato dall’Italia dal 1936 al 1941.,https://www.treccani.it/enciclopedia/guerra-italo-etiopica_%28Enciclopedia-Italiana%29/,,False,verified_manual,place
place_aoi,Africa Orientale Italiana,Africa Orientale Italiana;AOI,territory,Italian East Africa,1936-1941,"Entità coloniale italiana costituita nel 1936 riunendo Eritrea, Somalia ed Etiopia occupata.",https://www.treccani.it/enciclopedia/guerra-italo-etiopica_%28Enciclopedia-Italiana%29/,,False,verified_manual,place
place_tripoli,Tripoli,Tripoli,city_or_locality,Libya,1911-1943,Capitale libica occupata dalle truppe italiane il 5 ottobre 1911 e centro principale della presenza coloniale italiana in Tripolitania.,https://www.treccani.it/enciclopedia/tripoli_%28Dizionario-di-Storia%29/,,False,verified_manual,place
place_bengasi,Bengasi,Bengasi,city_or_locality,Libya,1911-1943,Principale centro della Cirenaica occupato dalle truppe italiane nell’ottobre 1911.,https://www.treccani.it/enciclopedia/bengasi/,,False,verified_manual,place
place_derna,Derna,Derna,city_or_locality,Libya,1911-1943,Centro della Cirenaica orientale occupato dalle forze italiane durante la guerra italo-turca.,https://www.treccani.it/enciclopedia/derna/,,False,verified_manual,place
place_tobruk,Tobruk,Tobruk;Tobruch,city_or_locality,Libya,1911-1943,Porto della Cirenaica occupato dalle forze italiane nelle operazioni iniziali della guerra italo-turca.,https://www.treccani.it/enciclopedia/guerra-italo-turca/,,False,verified_manual,place
place_misurata,Misurata,Misurata,city_or_locality,Libya,1912-1943,Centro tripolitano occupato dagli italiani nel 1912 e usato come base per successive operazioni di conquista.,https://www.treccani.it/enciclopedia/misurata/,,False,verified_manual,place
place_sciara_sciat,Sciara Sciat,Sciara Sciat;Sciara-Sciat,battle_or_campaign,Libya,1911,Località presso Tripoli nota per il combattimento del 23 ottobre 1911 durante la guerra italo-turca.,https://www.treccani.it/enciclopedia/sciara-sciat_%28Enciclopedia-Italiana%29/,,False,verified_manual,place
place_ain_zara,Ain Zara,Ain Zara;Ain-Zara,battle_or_campaign,Libya,1911-1912,Località della Tripolitania coinvolta nelle operazioni militari italiane attorno a Tripoli durante la guerra italo-turca.,https://www.treccani.it/enciclopedia/guerra-italo-turca_%2528Enciclopedia-Italiana%2529/,,False,verified_manual,place
place_zanzur,Zanzur,Zanzur,battle_or_campaign,Libya,1912,Oasi a ovest di Tripoli teatro di importanti combattimenti della guerra italo-turca nel 1912.,https://www.treccani.it/enciclopedia/guerra-italo-turca_%2528Enciclopedia-Italiana%2529/,,False,verified_manual,place
place_assab,Assab,Assab;Assab Eritrea,city_or_locality,Eritrea,1869-1941,Primo possedimento italiano in Africa; acquisito inizialmente dalla Rubattino e passato allo Stato italiano nel 1882.,https://www.treccani.it/enciclopedia/assab/,,False,verified_manual,place
place_massaua,Massaua,Massaua,city_or_locality,Eritrea,1885-1941,Porto occupato dall’Italia nel 1885 e prima capitale della colonia eritrea.,https://www.treccani.it/enciclopedia/massaua/,,False,verified_manual,place
place_asmara,Asmara,Asmara,city_or_locality,Eritrea,1889-1941,Occupata dagli italiani nel 1889 e scelta nel 1897 come capitale della colonia eritrea.,https://www.treccani.it/enciclopedia/asmara_%28Dizionario-di-Storia%29/,,False,verified_manual,place
place_cheren,Cheren,Cheren;Keren,city_or_locality,Eritrea,1889-1941,Centro eritreo sviluppato durante l’amministrazione coloniale italiana e collegato alla rete infrastrutturale coloniale.,https://www.treccani.it/enciclopedia/colonia-eritrea_%28Enciclopedia-Italiana%29/,,False,verified_manual,place
place_dogali,Dogali,Dogali,battle_or_campaign,Eritrea,1887,Località della battaglia del 1887 tra truppe coloniali italiane e forze etiopiche durante l’espansione italiana in Eritrea.,https://www.treccani.it/enciclopedia/dogali_%28Dizionario-di-Storia%29/,,False,verified_manual,place
place_agordat,Agordat,Agordat,battle_or_campaign,Eritrea,1890-1893,Località eritrea legata ai combattimenti delle campagne coloniali italiane contro le forze mahdiste.,https://www.treccani.it/enciclopedia/giuseppe-filippo-galliano_%28Dizionario-Biografico%29/,,False,verified_manual,place
place_coatit,Coatit,Coatit,battle_or_campaign,Eritrea;Ethiopia,1895,Località della battaglia del gennaio 1895 tra truppe coloniali italiane e le forze di ras Mangascià.,https://www.treccani.it/enciclopedia/giuseppe-arimondi_%28Enciclopedia-Italiana%29/,,False,verified_manual,place
place_senafe,Senafè,Senafè;Senafe,battle_or_campaign,Eritrea;Ethiopia,1895,Località legata alle operazioni italiane successive a Coatit nella campagna del 1895.,https://www.treccani.it/enciclopedia/giuseppe-arimondi_%28Enciclopedia-Italiana%29/,,False,verified_manual,place
place_adua,Adua,Adua;Adwa,battle_or_campaign,Ethiopia,1896;1935,"Località della battaglia del 1 marzo 1896, decisiva sconfitta delle truppe italiane nella prima guerra italo-etiopica.",https://www.treccani.it/enciclopedia/adua_%28Dizionario-di-Storia%29/,,False,verified_manual,place
place_amba_alagi,Amba Alagi,Amba Alagi;Amba-Alagi,battle_or_campaign,Ethiopia,1895;1941,Località etiope legata alla campagna del 1895-96 e nuovamente a combattimenti della campagna d’Africa orientale nel 1941.,https://www.treccani.it/enciclopedia/maconnen-uoldemicael/,,False,verified_manual,place
place_macalle,Macallè,Macallè;Macalle;Mekele;Mekelle,battle_or_campaign,Ethiopia,1895-1896;1935-1936,Città etiope occupata dagli italiani nel 1895 e teatro del noto assedio del forte italiano.,https://www.treccani.it/enciclopedia/macalle_%28Dizionario-di-Storia%29/,,False,verified_manual,place
place_amba_aradam,Amba Aradam,Amba Aradam;Amba-Aradam,battle_or_campaign,Ethiopia,1936,Massiccio etiope teatro di una delle principali battaglie della guerra italo-etiopica del 1935-36.,https://www.treccani.it/enciclopedia/guerra-italo-etiopica_%28Enciclopedia-Italiana%29/,,False,verified_manual,place
place_tembien,Tembien,Tembien,battle_or_campaign,Ethiopia,1936,Regione del Tigrè teatro della prima e seconda battaglia del Tembien durante la guerra italo-etiopica.,https://www.treccani.it/enciclopedia/tembien_%28Enciclopedia-Italiana%29/,,False,verified_manual,place
place_scire,Scirè,Scirè;Scire;Shire,battle_or_campaign,Ethiopia,1936,Regione etiope teatro della battaglia dello Scirè del 1936 durante la guerra d’Etiopia.,https://www.treccani.it/enciclopedia/scire/,,False,verified_manual,place
place_enderta,Endertà,Endertà;Enderta,battle_or_campaign,Ethiopia,1936,Regione etiope in cui si svolse nel febbraio 1936 una grande battaglia della guerra italo-etiopica.,https://www.treccani.it/enciclopedia/enderta_%28Enciclopedia-Italiana%29/,,False,verified_manual,place
place_mai_ceu,Mai Ceu,Mai Ceu;Mai-Ceu,battle_or_campaign,Ethiopia,1936,Località della battaglia del 31 marzo-1 aprile 1936 fase decisiva della guerra italo-etiopica.,https://www.treccani.it/enciclopedia/ascianghi/,,False,verified_manual,place
place_ascianghi,Lago Ascianghi,Lago Ascianghi;Ascianghi,battle_or_campaign,Ethiopia,1936,"Lago etiope presso Mai Ceu, associato alla battaglia decisiva della guerra italo-etiopica del 1936.",https://www.treccani.it/enciclopedia/ascianghi/,,False,verified_manual,place
place_addis_abeba,Addis Abeba,Addis Abeba;Addis-Abeba,city_or_locality,Ethiopia,1936-1941,Capitale etiope occupata dalle truppe italiane nel 1936 e sede del governo dell’Africa Orientale Italiana.,https://www.treccani.it/enciclopedia/guerra-italo-etiopica_%28Enciclopedia-Italiana%29/,,False,verified_manual,place
place_gondar,Gondar,Gondar;Gondar Etiopia,city_or_locality,Ethiopia,1936-1941,Importante centro dell’Etiopia incluso nell’Africa Orientale Italiana durante l’occupazione coloniale.,https://www.treccani.it/enciclopedia/guerra-italo-etiopica_%28Enciclopedia-Italiana%29/,,False,verified_manual,place
place_mogadiscio,Mogadiscio,Mogadiscio,city_or_locality,Somalia,1905-1941,Capoluogo della Somalia italiana durante il periodo coloniale.,https://www.treccani.it/enciclopedia/mogadiscio_%28Dizionario-di-Storia%29/,,False,verified_manual,place
