person_id,canonical_name,aliases,entity_type,role_category,territories,period,connection_summary,source_url,wikidata_qid,allow_surname_only,status
place_libia,Libia,Libia,place,territory,Libya,1911-1943,Territorio conquistato dall’Italia a partire dalla guerra italo-turca del 1911-12 e successivamente organizzato come colonia italiana.,https://www.treccani.it/enciclopedia/guerra-italo-turca/,,false,verified_manual
place_tripolitania,Tripolitania,Tripolitania,place,territory,Libya,1911-1934,Regione ottomana conquistata dall’Italia durante la guerra italo-turca e poi parte della Libia italiana.,https://www.treccani.it/enciclopedia/tripolitania_%28Enciclopedia-Italiana%29/,,false,verified_manual
place_cirenaica,Cirenaica,Cirenaica,place,territory,Libya,1911-1934,Regione conquistata dall’Italia durante la guerra italo-turca e poi parte della Libia italiana.,https://www.treccani.it/enciclopedia/guerra-italo-turca/,,false,verified_manual
place_eritrea,Eritrea,Eritrea,place,territory,Eritrea,1890-1941,"Colonia italiana formalmente costituita nel 1890 dopo le occupazioni di Assab, Massaua e dell’altopiano eritreo.",https://www.treccani.it/enciclopedia/colonia-eritrea_%28Enciclopedia-Italiana%29/,,false,verified_manual
place_somalia,Somalia,Somalia;Somalia Italiana,place,territory,Somalia,1889-1941,Territorio dell’Africa orientale sottoposto progressivamente al dominio coloniale italiano.,https://www.treccani.it/enciclopedia/mogadiscio/,,false,verified_manual
place_abissinia,Abissinia,Abissinia,place,territory,Ethiopia,1895-1896;1935-1941,"Nome storico europeo dell’Etiopia, centrale nelle guerre coloniali italiane del 1895-96 e 1935-36.",https://www.treccani.it/enciclopedia/abissinia_%28Dizionario-di-Storia%29/,,false,verified_manual
place_etiopia,Etiopia,Etiopia,place,territory,Ethiopia,1895-1896;1935-1941,"Stato africano oggetto delle guerre coloniali italiane del 1895-96 e 1935-36; occupato dall’Italia dal 1936 al 1941.",https://www.treccani.it/enciclopedia/guerra-italo-etiopica_%28Enciclopedia-Italiana%29/,,false,verified_manual
place_aoi,Africa Orientale Italiana,Africa Orientale Italiana;AOI,place,territory,Italian East Africa,1936-1941,"Entità coloniale italiana costituita nel 1936 riunendo Eritrea, Somalia ed Etiopia occupata.",https://www.treccani.it/enciclopedia/guerra-italo-etiopica_%28Enciclopedia-Italiana%29/,,false,verified_manual
place_tripoli,Tripoli,Tripoli,place,city_or_locality,Libya,1911-1943,"Capitale libica occupata dalle truppe italiane il 5 ottobre 1911 e centro principale della presenza coloniale italiana in Tripolitania.",https://www.treccani.it/enciclopedia/tripoli_%28Dizionario-di-Storia%29/,,false,verified_manual
place_bengasi,Bengasi,Bengasi,place,city_or_locality,Libya,1911-1943,Principale centro della Cirenaica occupato dalle truppe italiane nell’ottobre 1911.,https://www.treccani.it/enciclopedia/bengasi/,,false,verified_manual
place_derna,Derna,Derna,place,city_or_locality,Libya,1911-1943,Centro della Cirenaica orientale occupato dalle forze italiane durante la guerra italo-turca.,https://www.treccani.it/enciclopedia/derna/,,false,verified_manual
place_tobruk,Tobruk,Tobruk;Tobruch,place,city_or_locality,Libya,1911-1943,Porto della Cirenaica occupato dalle forze italiane nelle operazioni iniziali della guerra italo-turca.,https://www.treccani.it/enciclopedia/guerra-italo-turca/,,false,verified_manual
place_misurata,Misurata,Misurata,place,city_or_locality,Libya,1912-1943,Centro tripolitano occupato dagli italiani nel 1912 e usato come base per successive operazioni di conquista.,https://www.treccani.it/enciclopedia/misurata/,,false,verified_manual
place_sciara_sciat,Sciara Sciat,Sciara Sciat;Sciara-Sciat,place,battle_or_campaign,Libya,1911,Località presso Tripoli nota per il combattimento del 23 ottobre 1911 durante la guerra italo-turca.,https://www.treccani.it/enciclopedia/sciara-sciat_%28Enciclopedia-Italiana%29/,,false,verified_manual
place_ain_zara,Ain Zara,Ain Zara;Ain-Zara,place,battle_or_campaign,Libya,1911-1912,Località della Tripolitania coinvolta nelle operazioni militari italiane attorno a Tripoli durante la guerra italo-turca.,https://www.treccani.it/enciclopedia/guerra-italo-turca_%2528Enciclopedia-Italiana%2529/,,false,verified_manual
place_zanzur,Zanzur,Zanzur,place,battle_or_campaign,Libya,1912,Oasi a ovest di Tripoli teatro di importanti combattimenti della guerra italo-turca nel 1912.,https://www.treccani.it/enciclopedia/guerra-italo-turca_%2528Enciclopedia-Italiana%2529/,,false,verified_manual
place_assab,Assab,Assab;Assab Eritrea,place,city_or_locality,Eritrea,1869-1941,"Primo possedimento italiano in Africa; acquisito inizialmente dalla Rubattino e passato allo Stato italiano nel 1882.",https://www.treccani.it/enciclopedia/assab/,,false,verified_manual
place_massaua,Massaua,Massaua,place,city_or_locality,Eritrea,1885-1941,Porto occupato dall’Italia nel 1885 e prima capitale della colonia eritrea.,https://www.treccani.it/enciclopedia/massaua/,,false,verified_manual
place_asmara,Asmara,Asmara,place,city_or_locality,Eritrea,1889-1941,Occupata dagli italiani nel 1889 e scelta nel 1897 come capitale della colonia eritrea.,https://www.treccani.it/enciclopedia/asmara_%28Dizionario-di-Storia%29/,,false,verified_manual
place_cheren,Cheren,Cheren;Keren,place,city_or_locality,Eritrea,1889-1941,Centro eritreo sviluppato durante l’amministrazione coloniale italiana e collegato alla rete infrastrutturale coloniale.,https://www.treccani.it/enciclopedia/colonia-eritrea_%28Enciclopedia-Italiana%29/,,false,verified_manual
place_dogali,Dogali,Dogali,place,battle_or_campaign,Eritrea,1887,Località della battaglia del 1887 tra truppe coloniali italiane e forze etiopiche durante l’espansione italiana in Eritrea.,https://www.treccani.it/enciclopedia/dogali_%28Dizionario-di-Storia%29/,,false,verified_manual
place_agordat,Agordat,Agordat,place,battle_or_campaign,Eritrea,1890-1893,Località eritrea legata ai combattimenti delle campagne coloniali italiane contro le forze mahdiste.,https://www.treccani.it/enciclopedia/giuseppe-filippo-galliano_%28Dizionario-Biografico%29/,,false,verified_manual
place_coatit,Coatit,Coatit,place,battle_or_campaign,Eritrea;Ethiopia,1895,Località della battaglia del gennaio 1895 tra truppe coloniali italiane e le forze di ras Mangascià.,https://www.treccani.it/enciclopedia/giuseppe-arimondi_%28Enciclopedia-Italiana%29/,,false,verified_manual
place_senafe,Senafè,Senafè;Senafe,place,battle_or_campaign,Eritrea;Ethiopia,1895,Località legata alle operazioni italiane successive a Coatit nella campagna del 1895.,https://www.treccani.it/enciclopedia/giuseppe-arimondi_%28Enciclopedia-Italiana%29/,,false,verified_manual
place_adua,Adua,Adua;Adwa,place,battle_or_campaign,Ethiopia,1896;1935,"Località della battaglia del 1 marzo 1896, decisiva sconfitta delle truppe italiane nella prima guerra italo-etiopica.",https://www.treccani.it/enciclopedia/adua_%28Dizionario-di-Storia%29/,,false,verified_manual
place_amba_alagi,Amba Alagi,Amba Alagi;Amba-Alagi,place,battle_or_campaign,Ethiopia,1895;1941,Località etiope legata alla campagna del 1895-96 e nuovamente a combattimenti della campagna d’Africa orientale nel 1941.,https://www.treccani.it/enciclopedia/maconnen-uoldemicael/,,false,verified_manual
place_macalle,Macallè,Macallè;Macalle;Mekele;Mekelle,place,battle_or_campaign,Ethiopia,1895-1896;1935-1936,Città etiope occupata dagli italiani nel 1895 e teatro del noto assedio del forte italiano.,https://www.treccani.it/enciclopedia/macalle_%28Dizionario-di-Storia%29/,,false,verified_manual
place_amba_aradam,Amba Aradam,Amba Aradam;Amba-Aradam,place,battle_or_campaign,Ethiopia,1936,Massiccio etiope teatro di una delle principali battaglie della guerra italo-etiopica del 1935-36.,https://www.treccani.it/enciclopedia/guerra-italo-etiopica_%28Enciclopedia-Italiana%29/,,false,verified_manual
place_tembien,Tembien,Tembien,place,battle_or_campaign,Ethiopia,1936,Regione del Tigrè teatro della prima e seconda battaglia del Tembien durante la guerra italo-etiopica.,https://www.treccani.it/enciclopedia/tembien_%28Enciclopedia-Italiana%29/,,false,verified_manual
place_scire,Scirè,Scirè;Scire;Shire,place,battle_or_campaign,Ethiopia,1936,Regione etiope teatro della battaglia dello Scirè del 1936 durante la guerra d’Etiopia.,https://www.treccani.it/enciclopedia/scire/,,false,verified_manual
place_enderta,Endertà,Endertà;Enderta,place,battle_or_campaign,Ethiopia,1936,Regione etiope in cui si svolse nel febbraio 1936 una grande battaglia della guerra italo-etiopica.,https://www.treccani.it/enciclopedia/enderta_%28Enciclopedia-Italiana%29/,,false,verified_manual
place_mai_ceu,Mai Ceu,Mai Ceu;Mai-Ceu,place,battle_or_campaign,Ethiopia,1936,Località della battaglia del 31 marzo-1 aprile 1936 fase decisiva della guerra italo-etiopica.,https://www.treccani.it/enciclopedia/ascianghi/,,false,verified_manual
place_ascianghi,Lago Ascianghi,Lago Ascianghi;Ascianghi,place,battle_or_campaign,Ethiopia,1936,"Lago etiope presso Mai Ceu, associato alla battaglia decisiva della guerra italo-etiopica del 1936.",https://www.treccani.it/enciclopedia/ascianghi/,,false,verified_manual
place_addis_abeba,Addis Abeba,Addis Abeba;Addis-Abeba,place,city_or_locality,Ethiopia,1936-1941,Capitale etiope occupata dalle truppe italiane nel 1936 e sede del governo dell’Africa Orientale Italiana.,https://www.treccani.it/enciclopedia/guerra-italo-etiopica_%28Enciclopedia-Italiana%29/,,false,verified_manual
place_gondar,Gondar,Gondar;Gondar Etiopia,place,city_or_locality,Ethiopia,1936-1941,Importante centro dell’Etiopia incluso nell’Africa Orientale Italiana durante l’occupazione coloniale.,https://www.treccani.it/enciclopedia/guerra-italo-etiopica_%28Enciclopedia-Italiana%29/,,false,verified_manual
place_mogadiscio,Mogadiscio,Mogadiscio,place,city_or_locality,Somalia,1905-1941,Capoluogo della Somalia italiana durante il periodo coloniale.,https://www.treccani.it/enciclopedia/mogadiscio_%28Dizionario-di-Storia%29/,,false,verified_manual
